Trace,ASP,DP,MP,Morrigan,No,SP
srv_194,172658,172656,172668,172678,172663,172658
srv_276,188267,188277,188262,188263,188268,188276
srv_495,190682,190680,190677,190682,190686,190685
srv_207,220406,220421,220412,220438,220422,220407
srv_706,173633,173630,173619,173638,173623,173625
srv_41,188147,188149,188151,188188,188149,188151
srv_727,192729,192741,192743,192751,192734,192751
srv_222,187894,187901,187911,187934,187903,187891
srv_s61,189275,189278,189270,189275,189277,189274
srv_641,187955,187934,187948,187947,187936,187930
srv_442,190678,190686,190683,190682,190678,190682
srv_582,189567,189570,189562,189624,189561,189570
srv_702,190640,190645,190641,190664,190656,190644
srv_s10,186789,186787,186807,186813,186780,186786
srv_551,168591,168594,168585,168608,168588,168587
srv_128,168158,168154,168169,168214,168146,168160
srv_575,143989,144000,144002,144048,144004,144009
srv_408,177663,177663,177662,177698,177672,177674
srv_540,206565,206575,206580,206601,206574,206572
srv_743,159753,159752,159751,159769,159765,159768
srv_61,189533,189528,189535,189554,189527,189517
srv_504,182111,182115,182112,182129,182106,182108
srv_364,179982,179995,179994,180002,179979,179984
srv_259,189410,189402,189428,189451,189390,189403
srv_21,185828,185831,185823,185829,185840,185824
srv_s60,216118,216123,216139,216200,216122,216123
srv_426,185344,185336,185336,185348,185337,185330
srv_s0,188166,188152,188145,188174,188153,188145
srv_526,162412,162403,162410,162443,162406,162405
srv_48,186568,186572,186575,186601,186563,186585
srv_s7,180173,180179,180171,180190,180167,180175
srv_617,179871,179874,179868,179876,179871,179870
srv_32,188284,188297,188296,188327,188291,188296
srv_255,186963,186965,186971,186987,186961,186957
srv_669,183900,183924,183922,183951,183909,183904
srv_771,186186,186192,186200,186195,186191,186194
srv_287,173193,173194,173197,173203,173191,173195
srv_85,213503,213505,213508,213527,213504,213504
srv_225,187531,187547,187559,187576,187538,187546
srv_12,215538,215530,215519,215552,215526,215537
srv_s69,185851,185848,185845,185883,185848,185836
srv_73,168468,168466,168466,168469,168449,168457
srv_715,187834,187835,187832,187832,187819,187830
srv_537,200414,200417,200417,200437,200411,200409
srv_764,167889,167880,167890,167892,167881,167897
