Trace,IPC,Load Misses
srv95,0.347987,25095
srv767,0.392112,21033
srv573,0.43383,2298
srv111,0.427502,172478
srv610,0.34711,26637
srv717,0.381846,54069
srv359,0.427722,150340
srv775,0.392298,5133
srv564,0.371601,65903
srv668,0.351829,14051
srv579,0.350578,704
srv218,0.348208,33034
srv771,0.402442,222244
srv0,0.389054,5596
srv336,0.511159,10699
srv322,0.442103,5800
srv224,0.423833,157249
srv138,0.348229,630
srv290,0.36848,4807
srv317,0.350662,13183
srv208,0.348962,24551
srv649,0.369136,3627
srv764,0.397037,207831
srv625,0.370189,3764
srv20,0.448488,741
srv287,0.384745,209062
srv311,0.606637,44880
srv369,0.349985,698
srv184,0.351637,648
srv238,0.599127,4
srv296,0.368902,4107
srv572,0.349674,546
srv618
srv742,0.387943,178798
srv623,0.431903,170729
srv25,0.349858,13522
srv608,0.350804,13967
srv196,0.348321,31657
srv66,0.346743,737
srv122,0.368571,3681
srv56,0.431746,168537
srv93,0.393336,20553
srv46
srv651,0.421865,12611
srv340,0.532165,1025
srv130,0.345329,32204
srv189,0.368571,3780
srv435,0.348704,12677
srv543,0.348007,604
srv605,0.348669,630
srv403,0.432161,164381
srv426,0.396487,217603
srv675,0.439352,155983
srv173,0.367693,4322
srv348,0.387695,5246
srv68,0.503215,10789
srv753,0.512383,10788
srv489,0.435166,167401
srv110,0.390637,5079
srv585,0.606102,44905
srv90,0.345364,657
srv307,0.367891,3984
srv339,0.3532,14056
srv741,0.367806,4002
srv380,0.348895,26048
srv575
srv282,0.368469,4426
srv350,0.498622,10537
srv773,0.349402,25334
srv562,0.395403,19307
srv140,0.34863,14818
srv559,0.366757,4082
srv613,0.387474,5102
srv84,0.348531,25721
srv55,0.389749,5692
srv325,0.350661,736
srv713,0.350154,27169
srv607,0.347512,28154
srv578,0.347295,14434
srv724,0.368885,3932
srv305,0.366505,3970
srv301,0.379547,4182
srv502,0.348906,26780
srv41,0.402548,223846
srv136,0.391464,5803
srv5,0.369203,4019
srv782,0.349997,610
srv452,0.34703,29110
srv69,0.394438,19507
srv399,0.351604,639
srv433,0.351701,599
srv71,0.349212,14612
srv12,0.379774,253995
srv686,0.390075,4362
srv263,0.349276,14824
srv473,0.391029,4927
srv406,0.603768,45729
srv40,0.390985,4545
srv235,0.38969,4410
srv487,0.355234,14484
srv244,0.348845,672
srv470,0.392941,21742
srv252,0.348047,25494
srv258,0.390983,5129
srv576,0.349104,580
srv278,0.34799,12717
srv599,0.368829,3533
srv748,0.350402,27053
srv530,0.346799,33426
srv92,0.369696,4112
srv567,0.36866,4039
srv563,0.368723,3926
srv200,0.605912,45288
srv511,0.390044,4805
srv619,0.347772,29023
srv11,0.349737,27972
srv38,0.367095,4475
srv482,0.508137,10917
srv515,0.390704,4455
srv624,0.347121,29872
srv312,0.351101,26753
srv203,0.440726,5409
srv256,0.348866,13351
srv706,0.397072,210230
srv766,0.349227,14378
srv45,0.427162,171269
srv551,0.40107,203297
srv512,0.366094,3596
srv3,0.394579,19052
srv377,0.350346,24906
srv171,0.429154,171924
srv698,0.387139,4397
srv745,0.393875,19894
srv277,0.346648,29666
srv264,0.349141,639
srv24,0.348244,26345
srv163,0.367894,3958
srv518,0.368065,3781
srv677,0.394289,5138
srv237,0.34915,14784
srv309,0.451583,1686
srv396,0.346029,740
srv416,0.368314,3908
srv201,0.350405,14893
srv18,0.392232,4594
srv731,0.354479,12975
srv548,0.368904,3863
srv726,0.665109,245
srv54,0.34723,39482
srv722,0.351946,13653
srv147,0.427099,145965
srv373,0.503984,10786
srv582,0.402355,228624
srv430,0.348084,24383
srv30,0.351604,664
srv412,0.423726,13574
srv7,0.439714,8079
srv250,0.369991,4015
srv451,0.441424,1113
srv310,0.430711,9386
srv402,0.537146,36
srv283,0.439766,156759
srv206,0.349273,14032
srv232,0.391296,5650
srv219,0.347585,757
srv286,0.367525,4108
srv556,0.391454,4524
srv429
srv289,0.391288,5502
srv617,0.400031,211667
srv112,0.352759,14318
srv678,0.351376,663
srv752,0.368929,4055
srv382,0.347547,24442
srv478,0.367641,3759
srv732,0.448948,4893
srv598,0.430139,167656
srv558,0.348013,26372
srv560,0.39083,5447
srv436,0.348364,646
srv125,0.350117,14321
srv521,0.38775,4748
srv666,0.38979,5240
srv648,0.350142,648
srv774,0.348841,14125
srv1,0.45006,1731
srv422
srv737,0.366179,4362
srv438,0.349879,25798
srv746,0.347919,689
srv178,0.365731,4559
srv121,0.605731,44942
srv113,0.349181,26427
srv587,0.604055,45566
srv652,0.49759,10466
srv139,0.346462,701
srv247,0.348489,13381
srv628,0.60606,45018
srv586,0.350783,14956
srv177
srv516,0.349806,641
srv508,0.35126,14448
srv492,0.347219,754
srv42,0.349387,646
srv183,0.371833,4095
srv545,0.349074,24750
srv167
srv151,0.431616,169325
srv169,0.346418,26810
srv188,0.426316,757
srv371,0.393083,20569
srv293,0.433741,172658
srv306,0.349646,639
srv276,0.382098,217313
srv723,0.347655,679
srv550,0.605536,44984
srv297,0.630782,4
srv681,0.392828,5542
srv99,0.350151,624
srv453,0.393927,19862
srv50,0.351529,13522
srv595,0.37088,3786
srv638,0.438225,157898
srv106,0.367798,3968
srv43,0.603613,45704
srv432
srv780,0.347047,26743
srv245,0.389551,5815
srv272,0.448591,1917
srv349,0.438713,159348
srv335,0.390285,5191
srv355,0.390244,5532
srv204,0.349532,24683
srv331,0.431602,167458
srv601,0.38918,4524
srv370,0.348712,33472
srv694,0.35016,671
srv213,0.350046,668
srv82,0.368661,3931
srv131,0.430722,172913
srv8,0.352076,14171
srv464,0.369215,4101
srv343,0.350112,684
srv630,0.445985,1447
srv281,0.604835,45144
srv721,0.368513,3628
srv533,0.34881,27458
srv273,0.346815,649
srv693,0.352875,13580
srv446,0.641523,1639
srv497,0.510549,10757
srv658,0.350769,772
srv34,0.508405,10805
srv536,0.347127,716
srv569,0.352589,15880
srv743,0.412328,187019
srv13,0.366668,3885
srv718,0.430451,1329
srv74,0.369613,3981
srv119,0.44082,770
srv702,0.395663,227932
srv463,0.444771,6447
srv507,0.606374,44989
srv334,0.605903,45107
srv216,0.351543,14715
srv15,0.369558,4282
srv763,0.369551,3830
srv80,0.496477,10408
srv421,0.36759,3299
srv462,0.389051,4749
srv157,0.347991,724
srv251,0.349185,13670
srv313,0.350013,13184
srv354,0.352085,14373
srv769,0.367584,3829
srv634
srv557
srv271,0.3684,3780
srv555,0.503218,10299
srv89,0.349553,14009
srv674,0.368582,3823
srv127,0.508856,10596
srv776,0.497517,60972
srv600,0.351556,13935
srv517,0.350198,33435
srv70,0.392255,5098
srv81,0.347771,36003
srv303,0.347926,640
srv415,0.389343,4590
srv143,0.606916,44943
srv298,0.438827,156199
srv212,0.368852,3852
srv225,0.404796,226645
srv361,0.347569,32177
srv447,0.346209,696
srv253,0.352265,13746
srv114,0.350373,28257
srv326,0.432207,170967
srv609,0.432197,167440
srv457,0.345796,41115
srv123,0.390595,4372
srv269,0.346302,714
srv329,0.349822,771
srv687,0.367524,3996
srv574,0.394604,5190
srv227,0.350958,15381
srv160,0.528844,57074
srv778,0.502733,10392
srv588,0.348572,13668
srv381,0.349364,13477
srv680,0.508784,10731
srv603,0.368471,4243
srv484,0.502139,10365
srv411,0.348388,659
srv393,0.431967,175379
srv397,0.49819,10678
srv733,0.388347,4696
srv493,0.348429,14120
srv398,0.392929,5166
srv288,0.507052,10553
srv544,0.355092,614
srv23,0.35307,13800
srv442,0.39883,229708
srv116,0.392737,6203
srv552,0.393439,20613
srv395,0.389812,4907
srv159,0.348824,13822
srv439,0.366823,4052
srv419,0.605446,45058
srv85,0.391093,247440
srv375,0.346367,26415
srv711,0.349007,656
srv302
srv35,0.356588,13664
srv61,0.405284,227561
srv357,0.349685,14304
srv529,0.44338,966
srv17,0.368623,4543
srv210,0.442836,1703
srv526,0.406446,190672
srv239,0.392131,5618
srv612,0.314863,238019
srv124,0.350173,15674
srv580,0.347833,13796
srv716,0.350885,25369
srv414,0.36789,4081
srv315,0.500537,10491
srv784,0.38915,5364
srv405,0.384024,43926
srv747,0.367809,4315
srv87,0.348259,26680
srv222,0.401628,223741
srv644,0.349678,13395
srv240,0.392651,4901
srv645,0.502587,10442
srv4,0.352759,25542
srv785,0.368437,3708
srv450,0.348571,14207
srv474,0.390592,4214
srv643,0.347726,25728
srv107,0.391593,4980
srv374,0.423374,15155
srv389,0.369231,3959
srv685,0.592611,1120
srv351,0.38958,4389
srv295,0.345532,27924
srv146,0.348572,727
srv696,0.36901,3745
srv76,0.443507,5429
srv330,0.35128,13890
srv431,0.348664,27634
srv259,0.399082,229718
srv242,0.39405,19188
srv636,0.428054,5984
srv67,0.370149,3816
srv186,0.347688,34743
srv554,0.368178,4284
srv220,0.351994,14310
srv360,0.348125,600
srv523,0.350726,736
srv650,0.39198,23825
srv333,0.395871,15854
srv700,0.350817,25930
srv142,0.349878,13922
srv695,0.393866,5065
srv744,0.347774,39419
srv417,0.356858,15359
srv378,0.349748,13091
srv622,0.389205,4623
srv506,0.430561,165727
srv26,0.39136,5126
srv392,0.370154,4063
srv762,0.608071,44621
srv316,0.35268,666
srv537,0.393522,233234
srv386
srv321,0.350878,13894
srv553,0.369557,3699
srv777,0.351815,13768
srv659,0.353945,13798
srv498,0.351917,571
srv756,0.430416,14840
srv187,0.438584,9466
srv152,0.392346,4940
srv591,0.351418,11543
srv728,0.347473,27587
srv654,0.502914,10618
srv692,0.605189,45253
srv594,0.390359,4728
srv221,0.390852,5654
srv491,0.390159,4211
srv6,0.351154,732
srv52,0.346927,32128
srv228,0.431979,167856
srv455,0.438,11772
srv376,0.605951,44893
srv366,0.511749,70750
srv261,0.348895,25173
srv461,0.500364,61242
srv409,0.350425,15250
srv592,0.352125,608
srv486,0.424048,148677
srv672,0.349517,619
srv346,0.438897,157637
srv209,0.351409,12914
srv407,0.348434,599
srv410,0.394199,4878
srv144,0.357268,13449
srv404,0.352187,14236
srv540,0.391929,243393
srv565,0.390405,4169
srv341,0.352138,14002
srv115,0.368304,3976
srv633,0.366602,4511
srv243,0.355252,13831
srv546,0.349863,14682
srv327,0.347591,30906
srv91,0.348892,27555
srv604,0.389501,4328
srv714,0.368532,3903
srv676,0.393514,18921
srv194,0.381125,202477
srv783
srv631,0.370323,4236
srv485,0.348015,703
srv300,0.429946,14090
srv129,0.347127,674
srv469,0.349108,14222
srv86,0.504586,10728
srv589,0.352573,26423
srv72,0.525686,57876
srv514,0.369137,3870
srv32,0.403067,227039
srv387,0.391598,5194
srv501,0.60568,45260
srv561,0.349584,688
srv750,0.350031,727
srv385,0.367267,3758
srv704,0.424517,153496
srv525,0.346824,29205
srv44,0.43216,164965
srv758,0.350676,27303
srv64,0.393098,21687
srv211,0.350373,24986
srv51,0.503642,10473
srv182,0.350409,25219
srv437,0.348697,24027
srv149,0.366066,4164
srv37,0.349034,766
srv170,0.36791,3896
srv703,0.349087,646
srv388,0.369987,4021
srv215,0.394969,17017
srv400,0.352145,26097
srv98,0.350902,15031
srv496,0.387832,4270
srv164,0.506733,10479
srv19,0.367634,4456
srv279,0.394389,20606
srv79,0.389637,5217
srv499,0.433118,167171
srv291,0.390782,4726
srv214,0.438504,5139
srv165,0.393867,5844
srv176,0.390443,4938
srv14,0.350588,27512
srv294,0.389898,5530
srv495,0.400735,232400
srv566,0.439617,158140
srv655,0.347561,26509
srv684,0.366723,3795
srv434,0.351307,12772
srv535,0.350216,38463
srv510,0.508002,10754
srv444,0.51055,10484
srv241,0.389051,4802
srv230,0.350013,34237
srv547,0.346917,24992
srv504,0.401156,218724
srv615,0.368627,3583
srv505,0.347423,659
srv520,0.603648,45299
srv49,0.347205,632
srv39,0.345922,31444
srv9,0.604846,45021
srv155,0.370657,81309
srv597,0.350207,666
srv593,0.615889,1867
srv344,0.369025,3684
srv527,0.425831,182988
srv751,0.348464,27064
srv96,0.348528,27246
srv158,0.348652,26646
srv181,0.390839,5286
srv735,0.38941,4684
srv226,0.351786,690
srv128,0.39928,201903
srv425,0.436936,166948
srv234,0.426483,13519
srv639,0.349365,25319
srv665,0.35061,26355
srv671,0.393618,20828
srv60,0.346246,728
srv332,0.350248,25062
srv199,0.392022,4734
srv314,0.393834,20196
srv299,0.388559,5441
srv524,0.418316,14787
srv318,0.34947,24764
srv193,0.366451,4015
srv353,0.350713,710
srv616,0.605555,45380
srv519,0.38512,4275
srv88,0.50544,10908
srv466,0.347192,28118
srv653,0.347987,28077
srv760,0.429886,169490
srv646,0.390989,4825
srv21,0.39152,221615
srv641,0.404343,226607
srv47,0.391554,5576
srv328,0.359698,13281
srv267
srv611,0.34868,712
srv161,0.391629,5244
srv59,0.353786,14632
srv627,0.347095,28601
srv647,0.348783,13770
srv428,0.369444,3739
srv383,0.367822,3691
srv342,0.388455,5859
srv265,0.348443,24734
srv141,0.606768,44990
srv78,0.393087,20694
srv635,0.604205,45491
srv249,0.506008,10623
srv534,0.351484,14446
srv549,0.443213,1382
srv22,0.349128,740
srv154,0.526292,0
srv656,0.348827,28277
srv105,0.43592,158855
srv117,0.34903,593
srv584,0.390458,4867
srv418,0.395022,4831
srv596,0.437296,161147
srv606,0.434202,167112
srv719,0.349195,38152
srv754,0.41981,15244
srv285,0.348867,25346
srv739,0.506905,10469
srv48,0.398789,221818
srv202,0.348157,28300
srv260,0.34639,696
srv363,0.350077,677
srv53,0.350601,13942
srv198,0.606694,45066
srv275,0.437626,718
srv471,0.392607,5016
srv233,0.603121,45521
srv356,0.392347,5180
srv481,0.352075,13010
srv274,0.36868,3997
srv476,0.349336,685
srv761,0.346931,660
srv682,0.349748,13986
srv509,0.520456,58493
srv126,0.394981,4555
srv134,0.350383,13476
srv205,0.670178,0
srv172,0.393673,20511
srv108
srv257,0.434364,161890
srv65,0.60479,45100
srv532,0.348726,697
srv477,0.506141,10857
srv715,0.386885,223183
srv683,0.349391,659
srv708,0.349647,13421
srv262,0.392841,21441
srv568,0.392384,5195
srv705,0.509719,10831
srv701,0.3916,4513
srv424,0.390395,4055
srv542,0.352347,13471
srv483,0.431088,162679
srv174,0.394821,18835
srv362,0.392618,5384
srv440,0.393937,19019
srv94,0.446271,1965
srv36,0.350077,13698
srv390,0.439917,152187
srv697,0.437631,157235
srv179,0.500077,10741
srv688,0.430892,920
srv614,0.346041,28813
srv33,0.350155,788
srv57,0.348069,687
srv229,0.343419,662
srv58,0.377941,57327
srv602,0.509359,61994
srv132,0.522927,60573
srv175,0.605147,45380
srv730,0.347308,23602
srv324,0.390003,4855
srv664,0.432343,167727
srv266,0.362059,12802
srv166,0.349546,681
srv120,0.436288,157717
srv27,0.368213,3967
srv408,0.389465,211269
srv757,0.415378,158301
srv669,0.387503,214384
srv308,0.523504,0
srv441,0.603577,45238
srv725,0.368586,4505
srv180,0.438565,157848
srv740,0.346878,39973
srv662,0.43106,166840
srv538,0.603703,45407
srv475,0.393928,20033
srv401,0.432022,172289
srv667,0.349075,756
srv73,0.393777,200227
srv689,0.391756,5258
srv2,0.537146,36
srv338,0.655805,1113
srv488,0.348793,27792
srv304,0.353003,34039
srv365,0.350159,13769
srv709,0.348883,677
srv629,0.35123,628
srv571,0.623055,934
srv468,0.439881,159391
srv456,0.393772,20574
srv345,0.369858,3928
srv749,0.393439,5247
srv620,0.348881,14332
srv246,0.349448,601
srv31,0.349839,14760
srv738,0.393416,18054
srv145,0.348017,687
srv413,0.433273,140743
srv268,0.50841,10603
srv480,0.350867,14385
srv248,0.369006,3763
srv570,0.504756,10651
srv503,0.389598,4319
srv63,0.351706,566
srv427,0.348362,25718
srv207,0.382228,259921
srv531,0.367765,3785
srv727,0.400417,230679
srv494,0.352305,12843
srv637,0.383561,44378
srv223,0.350283,615
srv270,0.345837,34278
srv319,0.359674,13032
srv255,0.405328,225095
srv459,0.43249,170953
srv153,0.35073,630
srv367,0.349965,14609
srv779,0.351196,13522
srv445,0.367227,3825
srv394,0.394607,19505
srv168,0.351422,14094
srv772,0.350037,640
srv292,0.368135,4429
srv657,0.370552,3890
srv679,0.350141,641
srv101,0.348503,25371
srv729,0.367521,4061
srv640,0.36899,4156
srv104,0.505027,10706
srv699,0.352576,14973
srv454,0.34529,610
srv352,0.651984,1576
srv190,0.367324,4253
srv103,0.60396,45131
srv479,0.389303,4377
srv670,0.387024,5943
srv320
srv632,0.440437,6845
srv768,0.429597,163963
srv736,0.668952,285
srv420,0.439826,158458
srv765,0.390419,4219
srv583,0.525619,0
srv62,0.392125,4979
srv710,0.604614,45032
srv621,0.347406,623
srv372,0.349592,14576
srv734,0.351468,741
srv109,0.37184,4250
srv118,0.349284,689
srv759,0.351146,14735
srv347,0.368663,3796
srv460,0.388374,5995
srv236,0.348232,631
srv513,0.450296,3431
srv323,0.604993,44998
srv337,0.351856,678
srv449,0.347099,26038
srv231,0.370561,3851
srv465,0.508869,10662
srv690,0.350001,736
srv691,0.35271,652
srv185,0.350938,13119
srv100,0.605452,45030
srv368,0.352168,737
srv162,0.437838,158368
srv467,0.599022,160
srv77,0.369767,4040
srv712,0.349659,13429
srv577,0.349118,25119
srv28,0.348667,14478
srv384,0.348711,673
srv720,0.605962,45074
srv781,0.393067,4337
srv97,0.420746,13841
srv191,0.390752,5158
srv29,0.393422,5809
srv472,0.36914,3728
srv458,0.368535,3991
srv673,0.434249,14288
srv581,0.430094,1377
srv137,0.523895,60365
srv16,0.440985,158262
srv83,0.348193,13144
srv707,0.389853,5966
srv284,0.393262,5511
srv280,0.393161,5046
srv448,0.443895,740
srv102,0.368926,3640
srv254,0.348264,748
srv541,0.348119,32242
srv133,0.433179,164526
srv590,0.389155,4427
srv150,0.347084,25979
srv358,0.432649,163058
srv522,0.370156,4559
srv192,0.367267,3783
srv661,0.353763,14286
srv490,0.394478,17928
srv642,0.430472,171946
srv364,0.401424,219058
srv391,0.345905,38525
srv197,0.368813,3872
srv195,0.60716,44885
srv770,0.39309,4375
srv135,0.347633,33080
srv755,0.432928,1762
srv660,0.369843,3851
srv539,0.348387,26339
srv443,0.348662,34104
srv500,0.350078,14080
srv626,0.442005,154115
srv156,0.350365,13890
srv75,0.393723,4924
srv10,0.394315,19523
srv379,0.391096,4368
srv148,0.358443,12287
srv423,0.369135,4406
srv528,0.605077,44958
srv217,0.502492,10330
srv663
